dataset_size,course_id,course_name,course_type,faculty_id,batch_id,batch_strength,sessions_per_week,duration,room_options,faculty_unavailable,batch_unavailable,preferred_start_slot,preferred_end_slot
SMALL,SM-001,Operating Systems,THEORY,F04,B01,55,4,1,R01:60:THEORY|R02:60:THEORY|R03:50:THEORY,NONE,NONE,1,7
SMALL,SM-002,Web Technologies,THEORY,F06,B01,55,4,1,R01:60:THEORY|R02:60:THEORY|R03:50:THEORY,NONE,NONE,1,5
SMALL,SM-003,Database Lab,LAB,F02,B01,55,2,2,L01:60:LAB|L02:50:LAB,MON-2|FRI-7,NONE,1,4
SMALL,SM-004,Computer Architecture,THEORY,F04,B02,45,3,1,R01:60:THEORY|R02:60:THEORY|R03:50:THEORY,NONE,WED-4|THU-6,1,7
SMALL,SM-005,Design and Analysis of Algorithms,THEORY,F01,B02,45,4,1,R01:60:THEORY|R02:60:THEORY|R03:50:THEORY,NONE,WED-4|THU-6,1,7
SMALL,SM-006,Theory of Computation,THEORY,F01,B02,45,4,1,R01:60:THEORY|R02:60:THEORY|R03:50:THEORY,NONE,WED-4|THU-6,1,7
SMALL,SM-007,Networks Lab,LAB,F05,B02,45,2,2,L01:60:LAB|L02:50:LAB,NONE,WED-4|THU-6,1,7
SMALL,SM-008,Software Engineering,THEORY,F06,B03,50,4,1,R01:60:THEORY|R02:60:THEORY|R03:50:THEORY,NONE,THU-1|THU-6|THU-7,1,5
SMALL,SM-009,Operating Systems,THEORY,F03,B03,50,4,1,R01:60:THEORY|R02:60:THEORY|R03:50:THEORY,NONE,THU-1|THU-6|THU-7,1,7
SMALL,SM-010,Database Lab,LAB,F02,B03,50,2,2,L01:60:LAB|L02:50:LAB,MON-2|FRI-7,THU-1|THU-6|THU-7,1,4
MEDIUM,MD-001,Artificial Intelligence,THEORY,F09,B01,60,4,1,R01:90:THEORY|R02:60:THEORY|R03:60:THEORY,MON-1|MON-7,MON-5|TUE-3,3,6
MEDIUM,MD-002,Cloud Computing,THEORY,F06,B01,60,4,1,R01:90:THEORY|R02:60:THEORY|R03:60:THEORY,MON-1|WED-7,MON-5|TUE-3,1,7
MEDIUM,MD-003,Cyber Security,THEORY,F06,B01,60,4,1,R01:90:THEORY|R02:60:THEORY|R03:60:THEORY,MON-1|WED-7,MON-5|TUE-3,1,7
MEDIUM,MD-004,Computer Architecture,THEORY,F04,B01,60,3,1,R01:90:THEORY|R02:60:THEORY|R03:60:THEORY,NONE,MON-5|TUE-3,2,5
MEDIUM,MD-005,AI Lab,LAB,F09,B01,60,2,2,L01:70:LAB,MON-1|MON-7,MON-5|TUE-3,3,6
MEDIUM,MD-006,Artificial Intelligence,THEORY,F08,B02,45,3,1,R02:60:THEORY|R03:60:THEORY|R04:50:THEORY|R06:40:THEORY,MON-3|MON-6|WED-2|THU-4|THU-5|THU-7|FRI-3|FRI-7,TUE-1|FRI-1,1,7
MEDIUM,MD-007,Cyber Security,THEORY,F06,B02,45,4,1,R02:60:THEORY|R03:60:THEORY|R04:50:THEORY|R06:40:THEORY,MON-1|WED-7,TUE-1|FRI-1,1,7
MEDIUM,MD-008,Operating Systems,THEORY,F05,B02,45,4,1,R02:60:THEORY|R03:60:THEORY|R04:50:THEORY|R06:40:THEORY,NONE,TUE-1|FRI-1,1,7
MEDIUM,MD-009,Database Management Systems,THEORY,F02,B02,45,4,1,R02:60:THEORY|R03:60:THEORY|R04:50:THEORY|R06:40:THEORY,NONE,TUE-1|FRI-1,2,5
MEDIUM,MD-010,Database Lab,LAB,F03,B02,45,2,2,L01:70:LAB|L02:50:LAB,MON-6|WED-1|FRI-4,TUE-1|FRI-1,3,6
MEDIUM,MD-011,Computer Networks,THEORY,F07,B03,60,4,1,R01:90:THEORY|R02:60:THEORY|R03:60:THEORY,TUE-5|WED-1|WED-7|THU-2|FRI-2|FRI-4|FRI-6|FRI-7,NONE,1,7
MEDIUM,MD-012,Artificial Intelligence,THEORY,F09,B03,60,4,1,R01:90:THEORY|R02:60:THEORY|R03:60:THEORY,MON-1|MON-7,NONE,3,6
MEDIUM,MD-013,Operating Systems,THEORY,F04,B03,60,4,1,R01:90:THEORY|R02:60:THEORY|R03:60:THEORY,NONE,NONE,2,5
MEDIUM,MD-014,Web Technologies,THEORY,F10,B03,60,4,1,R01:90:THEORY|R02:60:THEORY|R03:60:THEORY,MON-3|TUE-3|WED-5,NONE,2,6
MEDIUM,MD-015,Operating Systems Lab,LAB,F04,B03,60,2,2,L01:70:LAB,NONE,NONE,2,5
MEDIUM,MD-016,Data Science,THEORY,F03,B04,45,3,1,R01:90:THEORY|R02:60:THEORY|R03:60:THEORY|R05:50:THEORY,MON-6|WED-1|FRI-4,TUE-7|WED-4|THU-7|FRI-5,3,6
MEDIUM,MD-017,Artificial Intelligence,THEORY,F09,B04,45,3,1,R01:90:THEORY|R02:60:THEORY|R03:60:THEORY|R05:50:THEORY,MON-1|MON-7,TUE-7|WED-4|THU-7|FRI-5,3,6
MEDIUM,MD-018,Computer Networks,THEORY,F06,B04,45,4,1,R01:90:THEORY|R02:60:THEORY|R03:60:THEORY|R05:50:THEORY,MON-1|WED-7,TUE-7|WED-4|THU-7|FRI-5,1,7
MEDIUM,MD-019,Design and Analysis of Algorithms,THEORY,F01,B04,45,4,1,R01:90:THEORY|R02:60:THEORY|R03:60:THEORY|R05:50:THEORY,NONE,TUE-7|WED-4|THU-7|FRI-5,1,7
MEDIUM,MD-020,AI Lab,LAB,F09,B04,45,2,2,L01:70:LAB|L02:50:LAB,MON-1|MON-7,TUE-7|WED-4|THU-7|FRI-5,3,6
MEDIUM,MD-021,Computer Architecture,THEORY,F05,B05,45,4,1,R02:60:THEORY|R03:60:THEORY|R04:50:THEORY|R06:40:THEORY,NONE,TUE-6|THU-5,1,7
MEDIUM,MD-022,Software Engineering,THEORY,F10,B05,45,4,1,R02:60:THEORY|R03:60:THEORY|R04:50:THEORY|R06:40:THEORY,MON-3|TUE-3|WED-5,TUE-6|THU-5,2,6
MEDIUM,MD-023,Data Science,THEORY,F02,B05,45,4,1,R02:60:THEORY|R03:60:THEORY|R04:50:THEORY|R06:40:THEORY,NONE,TUE-6|THU-5,2,5
MEDIUM,MD-024,Machine Learning Lab,LAB,F08,B05,45,2,2,L01:70:LAB|L02:50:LAB,MON-3|MON-6|WED-2|THU-4|THU-5|THU-7|FRI-3|FRI-7,TUE-6|THU-5,1,7
MEDIUM,MD-025,Database Lab,LAB,F03,B05,45,2,2,L01:70:LAB|L02:50:LAB,MON-6|WED-1|FRI-4,TUE-6|THU-5,3,6
LARGE,LG-001,Operating Systems,THEORY,F09,B01,65,3,1,R01:100:THEORY|R02:90:THEORY|R03:60:THEORY|R05:60:THEORY,MON-3|MON-4|MON-6|TUE-2|WED-6|WED-7|THU-2|FRI-2|FRI-6,MON-2|WED-2|THU-5|FRI-4,1,7
LARGE,LG-002,Database Management Systems,THEORY,F04,B01,65,4,1,R01:100:THEORY|R02:90:THEORY|R03:60:THEORY|R05:60:THEORY,THU-3|FRI-4,MON-2|WED-2|THU-5|FRI-4,3,6
LARGE,LG-003,Computer Architecture,THEORY,F08,B01,65,4,1,R01:100:THEORY|R02:90:THEORY|R03:60:THEORY|R05:60:THEORY,NONE,MON-2|WED-2|THU-5|FRI-4,1,7
LARGE,LG-004,Cloud Computing,THEORY,F14,B01,65,4,1,R01:100:THEORY|R02:90:THEORY|R03:60:THEORY|R05:60:THEORY,NONE,MON-2|WED-2|THU-5|FRI-4,3,6
LARGE,LG-005,Cyber Security,THEORY,F12,B01,65,3,1,R01:100:THEORY|R02:90:THEORY|R03:60:THEORY|R05:60:THEORY,NONE,MON-2|WED-2|THU-5|FRI-4,1,7
LARGE,LG-006,Database Lab,LAB,F05,B01,65,2,2,L01:70:LAB|L02:60:LAB,NONE,MON-2|WED-2|THU-5|FRI-4,1,7
LARGE,LG-007,Machine Learning,THEORY,F15,B02,55,4,1,R03:60:THEORY|R04:60:THEORY|R05:60:THEORY|R06:50:THEORY|R07:50:THEORY,NONE,NONE,1,4
LARGE,LG-008,Cloud Computing,THEORY,F13,B02,55,4,1,R03:60:THEORY|R04:60:THEORY|R05:60:THEORY|R06:50:THEORY|R07:50:THEORY,MON-1|MON-2|MON-6|WED-1|THU-1|FRI-1|FRI-2|FRI-5,NONE,1,4
LARGE,LG-009,Data Science,THEORY,F07,B02,55,4,1,R03:60:THEORY|R04:60:THEORY|R05:60:THEORY|R06:50:THEORY|R07:50:THEORY,TUE-2|TUE-6|WED-2|WED-6|WED-7|THU-6|FRI-2|FRI-4|FRI-7,NONE,1,4
LARGE,LG-010,Operating Systems,THEORY,F08,B02,55,4,1,R03:60:THEORY|R04:60:THEORY|R05:60:THEORY|R06:50:THEORY|R07:50:THEORY,NONE,NONE,1,7
LARGE,LG-011,Operating Systems Lab,LAB,F08,B02,55,2,2,L01:70:LAB|L02:60:LAB,NONE,NONE,1,7
LARGE,LG-012,Programming Lab,LAB,F01,B02,55,2,2,L01:70:LAB|L02:60:LAB,MON-1|TUE-4|WED-6|THU-7,NONE,1,7
LARGE,LG-013,Database Management Systems,THEORY,F05,B03,45,4,1,R01:100:THEORY|R02:90:THEORY|R03:60:THEORY|R06:50:THEORY|R08:40:THEORY|R09:40:THEORY,NONE,NONE,1,7
LARGE,LG-014,Artificial Intelligence,THEORY,F17,B03,45,4,1,R01:100:THEORY|R02:90:THEORY|R03:60:THEORY|R06:50:THEORY|R08:40:THEORY|R09:40:THEORY,MON-6|MON-7|TUE-1|TUE-3|TUE-6|TUE-7|THU-3|THU-4|FRI-2,NONE,1,7
LARGE,LG-015,Cloud Computing,THEORY,F14,B03,45,4,1,R01:100:THEORY|R02:90:THEORY|R03:60:THEORY|R06:50:THEORY|R08:40:THEORY|R09:40:THEORY,NONE,NONE,3,6
LARGE,LG-016,Computer Architecture,THEORY,F08,B03,45,4,1,R01:100:THEORY|R02:90:THEORY|R03:60:THEORY|R06:50:THEORY|R08:40:THEORY|R09:40:THEORY,NONE,NONE,1,7
LARGE,LG-017,Machine Learning Lab,LAB,F17,B03,45,2,2,L01:70:LAB|L02:60:LAB|L03:40:LAB,MON-6|MON-7|TUE-1|TUE-3|TUE-6|TUE-7|THU-3|THU-4|FRI-2,NONE,1,7
LARGE,LG-018,AI Lab,LAB,F19,B03,45,2,2,L01:70:LAB|L02:60:LAB|L03:40:LAB,MON-1|MON-2|MON-3|TUE-4|TUE-7|WED-4,NONE,1,5
LARGE,LG-019,Cyber Security,THEORY,F12,B04,65,3,1,R01:100:THEORY|R02:90:THEORY|R03:60:THEORY|R05:60:THEORY,NONE,NONE,1,7
LARGE,LG-020,Design and Analysis of Algorithms,THEORY,F03,B04,65,4,1,R01:100:THEORY|R02:90:THEORY|R03:60:THEORY|R05:60:THEORY,NONE,NONE,1,7
LARGE,LG-021,Theory of Computation,THEORY,F02,B04,65,3,1,R01:100:THEORY|R02:90:THEORY|R03:60:THEORY|R05:60:THEORY,MON-1|MON-2|MON-5|THU-1|FRI-1|FRI-6,NONE,2,5
LARGE,LG-022,Machine Learning,THEORY,F18,B04,65,3,1,R01:100:THEORY|R02:90:THEORY|R03:60:THEORY|R05:60:THEORY,NONE,NONE,3,6
LARGE,LG-023,Artificial Intelligence,THEORY,F17,B04,65,3,1,R01:100:THEORY|R02:90:THEORY|R03:60:THEORY|R05:60:THEORY,MON-6|MON-7|TUE-1|TUE-3|TUE-6|TUE-7|THU-3|THU-4|FRI-2,NONE,1,7
LARGE,LG-024,AI Lab,LAB,F15,B04,65,2,2,L01:70:LAB|L02:60:LAB,NONE,NONE,1,4
LARGE,LG-025,Networks Lab,LAB,F13,B04,65,2,2,L01:70:LAB|L02:60:LAB,MON-1|MON-2|MON-6|WED-1|THU-1|FRI-1|FRI-2|FRI-5,NONE,1,4
LARGE,LG-026,Machine Learning,THEORY,F19,B05,65,3,1,R01:100:THEORY|R02:90:THEORY|R03:60:THEORY|R04:60:THEORY|R05:60:THEORY,MON-1|MON-2|MON-3|TUE-4|TUE-7|WED-4,TUE-3|TUE-6,1,5
LARGE,LG-027,Design and Analysis of Algorithms,THEORY,F02,B05,65,4,1,R01:100:THEORY|R02:90:THEORY|R03:60:THEORY|R04:60:THEORY|R05:60:THEORY,MON-1|MON-2|MON-5|THU-1|FRI-1|FRI-6,TUE-3|TUE-6,2,5
LARGE,LG-028,Theory of Computation,THEORY,F03,B05,65,3,1,R01:100:THEORY|R02:90:THEORY|R03:60:THEORY|R04:60:THEORY|R05:60:THEORY,NONE,TUE-3|TUE-6,1,7
LARGE,LG-029,Computer Networks,THEORY,F11,B05,65,3,1,R01:100:THEORY|R02:90:THEORY|R03:60:THEORY|R04:60:THEORY|R05:60:THEORY,WED-3|WED-4|THU-2,TUE-3|TUE-6,1,5
LARGE,LG-030,Database Management Systems,THEORY,F05,B05,65,3,1,R01:100:THEORY|R02:90:THEORY|R03:60:THEORY|R04:60:THEORY|R05:60:THEORY,NONE,TUE-3|TUE-6,1,7
LARGE,LG-031,Machine Learning Lab,LAB,F17,B05,65,2,2,L01:70:LAB|L02:60:LAB,MON-6|MON-7|TUE-1|TUE-3|TUE-6|TUE-7|THU-3|THU-4|FRI-2,TUE-3|TUE-6,1,7
LARGE,LG-032,Networks Lab,LAB,F13,B05,65,1,2,L01:70:LAB|L02:60:LAB,MON-1|MON-2|MON-6|WED-1|THU-1|FRI-1|FRI-2|FRI-5,TUE-3|TUE-6,1,4
LARGE,LG-033,Database Management Systems,THEORY,F04,B06,60,4,1,R01:100:THEORY|R02:90:THEORY|R04:60:THEORY|R05:60:THEORY,THU-3|FRI-4,NONE,3,6
LARGE,LG-034,Theory of Computation,THEORY,F02,B06,60,4,1,R01:100:THEORY|R02:90:THEORY|R04:60:THEORY|R05:60:THEORY,MON-1|MON-2|MON-5|THU-1|FRI-1|FRI-6,NONE,2,5
LARGE,LG-035,Software Engineering,THEORY,F20,B06,60,4,1,R01:100:THEORY|R02:90:THEORY|R04:60:THEORY|R05:60:THEORY,NONE,NONE,1,5
LARGE,LG-036,Cloud Computing,THEORY,F11,B06,60,4,1,R01:100:THEORY|R02:90:THEORY|R04:60:THEORY|R05:60:THEORY,WED-3|WED-4|THU-2,NONE,1,5
LARGE,LG-037,Database Lab,LAB,F06,B06,60,2,2,L01:70:LAB|L02:60:LAB,NONE,NONE,2,6
LARGE,LG-038,AI Lab,LAB,F16,B06,60,2,2,L01:70:LAB|L02:60:LAB,TUE-3|THU-5,NONE,2,6
LARGE,LG-039,Cyber Security,THEORY,F14,B07,65,4,1,R01:100:THEORY|R02:90:THEORY|R03:60:THEORY|R04:60:THEORY|R05:60:THEORY,NONE,TUE-6|THU-6,3,6
LARGE,LG-040,Computer Architecture,THEORY,F10,B07,65,3,1,R01:100:THEORY|R02:90:THEORY|R03:60:THEORY|R04:60:THEORY|R05:60:THEORY,MON-2|TUE-2|TUE-4|WED-5|THU-2|FRI-6|FRI-7,TUE-6|THU-6,1,5
LARGE,LG-041,Computer Networks,THEORY,F12,B07,65,4,1,R01:100:THEORY|R02:90:THEORY|R03:60:THEORY|R04:60:THEORY|R05:60:THEORY,NONE,TUE-6|THU-6,1,7
LARGE,LG-042,Operating Systems,THEORY,F10,B07,65,4,1,R01:100:THEORY|R02:90:THEORY|R03:60:THEORY|R04:60:THEORY|R05:60:THEORY,MON-2|TUE-2|TUE-4|WED-5|THU-2|FRI-6|FRI-7,TUE-6|THU-6,1,5
LARGE,LG-043,Design and Analysis of Algorithms,THEORY,F01,B07,65,3,1,R01:100:THEORY|R02:90:THEORY|R03:60:THEORY|R04:60:THEORY|R05:60:THEORY,MON-1|TUE-4|WED-6|THU-7,TUE-6|THU-6,1,7
LARGE,LG-044,AI Lab,LAB,F16,B07,65,2,2,L01:70:LAB|L02:60:LAB,TUE-3|THU-5,TUE-6|THU-6,2,6
LARGE,LG-045,Design and Analysis of Algorithms,THEORY,F03,B08,45,4,1,R01:100:THEORY|R02:90:THEORY|R03:60:THEORY|R05:60:THEORY|R06:50:THEORY|R08:40:THEORY,NONE,NONE,1,7
LARGE,LG-046,Software Engineering,THEORY,F20,B08,45,4,1,R01:100:THEORY|R02:90:THEORY|R03:60:THEORY|R05:60:THEORY|R06:50:THEORY|R08:40:THEORY,NONE,NONE,1,5
LARGE,LG-047,Database Management Systems,THEORY,F04,B08,45,4,1,R01:100:THEORY|R02:90:THEORY|R03:60:THEORY|R05:60:THEORY|R06:50:THEORY|R08:40:THEORY,THU-3|FRI-4,NONE,3,6
LARGE,LG-048,Operating Systems,THEORY,F09,B08,45,4,1,R01:100:THEORY|R02:90:THEORY|R03:60:THEORY|R05:60:THEORY|R06:50:THEORY|R08:40:THEORY,MON-3|MON-4|MON-6|TUE-2|WED-6|WED-7|THU-2|FRI-2|FRI-6,NONE,1,7
LARGE,LG-049,Artificial Intelligence,THEORY,F17,B08,45,4,1,R01:100:THEORY|R02:90:THEORY|R03:60:THEORY|R05:60:THEORY|R06:50:THEORY|R08:40:THEORY,MON-6|MON-7|TUE-1|TUE-3|TUE-6|TUE-7|THU-3|THU-4|FRI-2,NONE,1,7
LARGE,LG-050,Database Lab,LAB,F05,B08,45,2,2,L01:70:LAB|L02:60:LAB|L03:40:LAB,NONE,NONE,1,7
XLARGE,XL-001,Cyber Security,THEORY,F25,B01,75,4,1,R01:120:THEORY|R02:100:THEORY|R03:90:THEORY,TUE-7|FRI-4,MON-4|MON-5|FRI-6,1,4
XLARGE,XL-002,Software Engineering,THEORY,F40,B01,75,4,1,R01:120:THEORY|R02:100:THEORY|R03:90:THEORY,NONE,MON-4|MON-5|FRI-6,1,7
XLARGE,XL-003,Theory of Computation,THEORY,F05,B01,75,3,1,R01:120:THEORY|R02:100:THEORY|R03:90:THEORY,NONE,MON-4|MON-5|FRI-6,1,4
XLARGE,XL-004,Artificial Intelligence,THEORY,F28,B01,75,3,1,R01:120:THEORY|R02:100:THEORY|R03:90:THEORY,MON-5|MON-6|WED-1|WED-3,MON-4|MON-5|FRI-6,1,7
XLARGE,XL-005,Cloud Computing,THEORY,F25,B01,75,3,1,R01:120:THEORY|R02:100:THEORY|R03:90:THEORY,TUE-7|FRI-4,MON-4|MON-5|FRI-6,1,4
XLARGE,XL-006,Computer Networks,THEORY,F22,B01,75,4,1,R01:120:THEORY|R02:100:THEORY|R03:90:THEORY,NONE,MON-4|MON-5|FRI-6,1,5
XLARGE,XL-007,Networks Lab,LAB,F25,B01,75,1,2,L01:80:LAB|L02:70:LAB,TUE-7|FRI-4,MON-4|MON-5|FRI-6,1,4
XLARGE,XL-008,Artificial Intelligence,THEORY,F33,B02,55,4,1,R02:100:THEORY|R03:90:THEORY|R04:80:THEORY|R05:60:THEORY|R06:60:THEORY|R09:50:THEORY|R10:50:THEORY|R12:50:THEORY,NONE,MON-7|TUE-3,2,6
XLARGE,XL-009,Database Management Systems,THEORY,F13,B02,55,4,1,R02:100:THEORY|R03:90:THEORY|R04:80:THEORY|R05:60:THEORY|R06:60:THEORY|R09:50:THEORY|R10:50:THEORY|R12:50:THEORY,MON-1|TUE-4|TUE-6|THU-2|THU-5|FRI-5|FRI-6|FRI-7,MON-7|TUE-3,1,4
XLARGE,XL-010,Theory of Computation,THEORY,F01,B02,55,4,1,R02:100:THEORY|R03:90:THEORY|R04:80:THEORY|R05:60:THEORY|R06:60:THEORY|R09:50:THEORY|R10:50:THEORY|R12:50:THEORY,NONE,MON-7|TUE-3,1,4
XLARGE,XL-011,Computer Architecture,THEORY,F18,B02,55,4,1,R02:100:THEORY|R03:90:THEORY|R04:80:THEORY|R05:60:THEORY|R06:60:THEORY|R09:50:THEORY|R10:50:THEORY|R12:50:THEORY,TUE-5|WED-2|WED-3|THU-2,MON-7|TUE-3,1,4
XLARGE,XL-012,Database Lab,LAB,F14,B02,55,2,2,L02:70:LAB|L03:60:LAB|L04:50:LAB,NONE,MON-7|TUE-3,1,7
XLARGE,XL-013,AI Lab,LAB,F29,B02,55,2,2,L02:70:LAB|L03:60:LAB|L04:50:LAB,MON-2|TUE-5|WED-2,MON-7|TUE-3,1,7
XLARGE,XL-014,Theory of Computation,THEORY,F02,B03,60,4,1,R03:90:THEORY|R04:80:THEORY|R05:60:THEORY|R06:60:THEORY|R07:60:THEORY|R08:60:THEORY,MON-2|TUE-2|WED-5|THU-6|FRI-1|FRI-5,MON-7|FRI-4,1,7
XLARGE,XL-015,Data Science,THEORY,F08,B03,60,4,1,R03:90:THEORY|R04:80:THEORY|R05:60:THEORY|R06:60:THEORY|R07:60:THEORY|R08:60:THEORY,TUE-3|WED-1|WED-3|THU-1,MON-7|FRI-4,1,5
XLARGE,XL-016,Computer Networks,THEORY,F21,B03,60,4,1,R03:90:THEORY|R04:80:THEORY|R05:60:THEORY|R06:60:THEORY|R07:60:THEORY|R08:60:THEORY,MON-2|THU-7|FRI-2,MON-7|FRI-4,1,7
XLARGE,XL-017,Cloud Computing,THEORY,F26,B03,60,3,1,R03:90:THEORY|R04:80:THEORY|R05:60:THEORY|R06:60:THEORY|R07:60:THEORY|R08:60:THEORY,MON-3|TUE-1|WED-4|WED-6,MON-7|FRI-4,1,7
XLARGE,XL-018,Design and Analysis of Algorithms,THEORY,F04,B03,60,4,1,R03:90:THEORY|R04:80:THEORY|R05:60:THEORY|R06:60:THEORY|R07:60:THEORY|R08:60:THEORY,MON-1|MON-2|MON-3|TUE-2|TUE-4|WED-4|FRI-3,MON-7|FRI-4,2,6
XLARGE,XL-019,Programming Lab,LAB,F06,B03,60,1,2,L02:70:LAB|L03:60:LAB,MON-2|TUE-1|TUE-3|WED-4|WED-7|THU-3|THU-4|THU-6|FRI-3,MON-7|FRI-4,1,7
XLARGE,XL-020,Networks Lab,LAB,F26,B03,60,2,2,L02:70:LAB|L03:60:LAB,MON-3|TUE-1|WED-4|WED-6,MON-7|FRI-4,1,7
XLARGE,XL-021,Web Technologies,THEORY,F37,B04,75,3,1,R01:120:THEORY|R02:100:THEORY|R03:90:THEORY,MON-5|TUE-5|TUE-7|THU-4|THU-5|FRI-2|FRI-7,FRI-2|FRI-4,1,4
XLARGE,XL-022,Software Engineering,THEORY,F40,B04,75,4,1,R01:120:THEORY|R02:100:THEORY|R03:90:THEORY,NONE,FRI-2|FRI-4,1,7
XLARGE,XL-023,Design and Analysis of Algorithms,THEORY,F03,B04,75,4,1,R01:120:THEORY|R02:100:THEORY|R03:90:THEORY,MON-5|WED-5|THU-3|FRI-5,FRI-2|FRI-4,1,7
XLARGE,XL-024,Cloud Computing,THEORY,F25,B04,75,4,1,R01:120:THEORY|R02:100:THEORY|R03:90:THEORY,TUE-7|FRI-4,FRI-2|FRI-4,1,4
XLARGE,XL-025,Data Science,THEORY,F09,B04,75,3,1,R01:120:THEORY|R02:100:THEORY|R03:90:THEORY,MON-3|MON-4|MON-5|TUE-2|TUE-3|TUE-5|WED-7|THU-4|FRI-5,FRI-2|FRI-4,1,5
XLARGE,XL-026,Operating Systems Lab,LAB,F18,B04,75,2,2,L01:80:LAB|L02:70:LAB,TUE-5|WED-2|WED-3|THU-2,FRI-2|FRI-4,1,4
XLARGE,XL-027,Networks Lab,LAB,F22,B04,75,1,2,L01:80:LAB|L02:70:LAB,NONE,FRI-2|FRI-4,1,5
XLARGE,XL-028,Operating Systems,THEORY,F19,B05,55,4,1,R01:120:THEORY|R02:100:THEORY|R03:90:THEORY|R04:80:THEORY|R05:60:THEORY|R07:60:THEORY|R10:50:THEORY|R11:50:THEORY,MON-2|MON-6|WED-5|THU-2|THU-3|THU-4|THU-7|FRI-5,MON-4|FRI-7,2,5
XLARGE,XL-029,Data Science,THEORY,F10,B05,55,4,1,R01:120:THEORY|R02:100:THEORY|R03:90:THEORY|R04:80:THEORY|R05:60:THEORY|R07:60:THEORY|R10:50:THEORY|R11:50:THEORY,NONE,MON-4|FRI-7,1,7
XLARGE,XL-030,Computer Networks,THEORY,F27,B05,55,4,1,R01:120:THEORY|R02:100:THEORY|R03:90:THEORY|R04:80:THEORY|R05:60:THEORY|R07:60:THEORY|R10:50:THEORY|R11:50:THEORY,NONE,MON-4|FRI-7,1,4
XLARGE,XL-031,Software Engineering,THEORY,F39,B05,55,4,1,R01:120:THEORY|R02:100:THEORY|R03:90:THEORY|R04:80:THEORY|R05:60:THEORY|R07:60:THEORY|R10:50:THEORY|R11:50:THEORY,NONE,MON-4|FRI-7,1,7
XLARGE,XL-032,Database Lab,LAB,F07,B05,55,2,2,L01:80:LAB|L03:60:LAB|L04:50:LAB,TUE-5|FRI-4,MON-4|FRI-7,1,7
XLARGE,XL-033,Operating Systems Lab,LAB,F20,B05,55,2,2,L01:80:LAB|L03:60:LAB|L04:50:LAB,NONE,MON-4|FRI-7,1,7
XLARGE,XL-034,Machine Learning,THEORY,F32,B06,60,4,1,R01:120:THEORY|R02:100:THEORY|R04:80:THEORY|R05:60:THEORY|R06:60:THEORY|R07:60:THEORY,NONE,TUE-6|THU-7,3,6
XLARGE,XL-035,Operating Systems,THEORY,F16,B06,60,4,1,R01:120:THEORY|R02:100:THEORY|R04:80:THEORY|R05:60:THEORY|R06:60:THEORY|R07:60:THEORY,NONE,TUE-6|THU-7,1,7
XLARGE,XL-036,Database Management Systems,THEORY,F07,B06,60,4,1,R01:120:THEORY|R02:100:THEORY|R04:80:THEORY|R05:60:THEORY|R06:60:THEORY|R07:60:THEORY,TUE-5|FRI-4,TUE-6|THU-7,1,7
XLARGE,XL-037,Software Engineering,THEORY,F36,B06,60,4,1,R01:120:THEORY|R02:100:THEORY|R04:80:THEORY|R05:60:THEORY|R06:60:THEORY|R07:60:THEORY,NONE,TUE-6|THU-7,2,6
XLARGE,XL-038,Database Lab,LAB,F13,B06,60,2,2,L01:80:LAB|L03:60:LAB,MON-1|TUE-4|TUE-6|THU-2|THU-5|FRI-5|FRI-6|FRI-7,TUE-6|THU-7,1,4
XLARGE,XL-039,Machine Learning Lab,LAB,F35,B06,60,2,2,L01:80:LAB|L03:60:LAB,MON-6|WED-3|FRI-3,TUE-6|THU-7,1,7
XLARGE,XL-040,Operating Systems,THEORY,F17,B07,70,4,1,R01:120:THEORY|R02:100:THEORY|R03:90:THEORY|R04:80:THEORY|R06:60:THEORY|R07:60:THEORY,MON-1|MON-3|MON-6|WED-2|WED-3|WED-5|THU-7|FRI-5,NONE,1,7
XLARGE,XL-041,Data Science,THEORY,F07,B07,70,3,1,R01:120:THEORY|R02:100:THEORY|R03:90:THEORY|R04:80:THEORY|R06:60:THEORY|R07:60:THEORY,TUE-5|FRI-4,NONE,1,7
XLARGE,XL-042,Software Engineering,THEORY,F38,B07,70,4,1,R01:120:THEORY|R02:100:THEORY|R03:90:THEORY|R04:80:THEORY|R06:60:THEORY|R07:60:THEORY,TUE-2|WED-2|FRI-4,NONE,1,7
XLARGE,XL-043,Theory of Computation,THEORY,F01,B07,70,4,1,R01:120:THEORY|R02:100:THEORY|R03:90:THEORY|R04:80:THEORY|R06:60:THEORY|R07:60:THEORY,NONE,NONE,1,4
XLARGE,XL-044,Artificial Intelligence,THEORY,F32,B07,70,3,1,R01:120:THEORY|R02:100:THEORY|R03:90:THEORY|R04:80:THEORY|R06:60:THEORY|R07:60:THEORY,NONE,NONE,3,6
XLARGE,XL-045,Machine Learning Lab,LAB,F30,B07,70,2,2,L01:80:LAB|L02:70:LAB,MON-1|TUE-3|WED-1|THU-7,NONE,2,5
XLARGE,XL-046,Database Lab,LAB,F11,B07,70,2,2,L01:80:LAB|L02:70:LAB,NONE,NONE,1,7
XLARGE,XL-047,Artificial Intelligence,THEORY,F35,B08,45,4,1,R03:90:THEORY|R04:80:THEORY|R06:60:THEORY|R07:60:THEORY|R08:60:THEORY|R09:50:THEORY|R10:50:THEORY|R11:50:THEORY|R12:50:THEORY|R14:40:THEORY|R15:40:THEORY,MON-6|WED-3|FRI-3,TUE-2|TUE-7,1,7
XLARGE,XL-048,Database Management Systems,THEORY,F07,B08,45,4,1,R03:90:THEORY|R04:80:THEORY|R06:60:THEORY|R07:60:THEORY|R08:60:THEORY|R09:50:THEORY|R10:50:THEORY|R11:50:THEORY|R12:50:THEORY|R14:40:THEORY|R15:40:THEORY,TUE-5|FRI-4,TUE-2|TUE-7,1,7
XLARGE,XL-049,Software Engineering,THEORY,F38,B08,45,3,1,R03:90:THEORY|R04:80:THEORY|R06:60:THEORY|R07:60:THEORY|R08:60:THEORY|R09:50:THEORY|R10:50:THEORY|R11:50:THEORY|R12:50:THEORY|R14:40:THEORY|R15:40:THEORY,TUE-2|WED-2|FRI-4,TUE-2|TUE-7,1,7
XLARGE,XL-050,Data Science,THEORY,F08,B08,45,3,1,R03:90:THEORY|R04:80:THEORY|R06:60:THEORY|R07:60:THEORY|R08:60:THEORY|R09:50:THEORY|R10:50:THEORY|R11:50:THEORY|R12:50:THEORY|R14:40:THEORY|R15:40:THEORY,TUE-3|WED-1|WED-3|THU-1,TUE-2|TUE-7,1,5
XLARGE,XL-051,Design and Analysis of Algorithms,THEORY,F02,B08,45,4,1,R03:90:THEORY|R04:80:THEORY|R06:60:THEORY|R07:60:THEORY|R08:60:THEORY|R09:50:THEORY|R10:50:THEORY|R11:50:THEORY|R12:50:THEORY|R14:40:THEORY|R15:40:THEORY,MON-2|TUE-2|WED-5|THU-6|FRI-1|FRI-5,TUE-2|TUE-7,1,7
XLARGE,XL-052,Computer Architecture,THEORY,F15,B08,45,4,1,R03:90:THEORY|R04:80:THEORY|R06:60:THEORY|R07:60:THEORY|R08:60:THEORY|R09:50:THEORY|R10:50:THEORY|R11:50:THEORY|R12:50:THEORY|R14:40:THEORY|R15:40:THEORY,NONE,TUE-2|TUE-7,2,5
XLARGE,XL-053,AI Lab,LAB,F34,B08,45,1,2,L02:70:LAB|L03:60:LAB|L04:50:LAB,TUE-2|TUE-3|TUE-7|WED-1|WED-4|WED-6|WED-7,TUE-2|TUE-7,1,5
XLARGE,XL-054,Computer Architecture,THEORY,F18,B09,70,3,1,R03:90:THEORY|R04:80:THEORY|R05:60:THEORY|R06:60:THEORY|R07:60:THEORY|R08:60:THEORY,TUE-5|WED-2|WED-3|THU-2,TUE-6|FRI-4,1,4
XLARGE,XL-055,Machine Learning,THEORY,F30,B09,70,3,1,R03:90:THEORY|R04:80:THEORY|R05:60:THEORY|R06:60:THEORY|R07:60:THEORY|R08:60:THEORY,MON-1|TUE-3|WED-1|THU-7,TUE-6|FRI-4,2,5
XLARGE,XL-056,Artificial Intelligence,THEORY,F32,B09,70,4,1,R03:90:THEORY|R04:80:THEORY|R05:60:THEORY|R06:60:THEORY|R07:60:THEORY|R08:60:THEORY,NONE,TUE-6|FRI-4,3,6
XLARGE,XL-057,Design and Analysis of Algorithms,THEORY,F06,B09,70,2,1,R03:90:THEORY|R04:80:THEORY|R05:60:THEORY|R06:60:THEORY|R07:60:THEORY|R08:60:THEORY,MON-2|TUE-1|TUE-3|WED-4|WED-7|THU-3|THU-4|THU-6|FRI-3,TUE-6|FRI-4,1,7
XLARGE,XL-058,Cloud Computing,THEORY,F23,B09,70,4,1,R03:90:THEORY|R04:80:THEORY|R05:60:THEORY|R06:60:THEORY|R07:60:THEORY|R08:60:THEORY,MON-4|TUE-1|TUE-2|WED-6|THU-1|THU-4|THU-5|FRI-5,TUE-6|FRI-4,1,7
XLARGE,XL-059,Machine Learning Lab,LAB,F30,B09,70,2,2,L01:80:LAB|L02:70:LAB|L03:60:LAB,MON-1|TUE-3|WED-1|THU-7,TUE-6|FRI-4,2,5
XLARGE,XL-060,AI Lab,LAB,F35,B09,70,2,2,L01:80:LAB|L02:70:LAB|L03:60:LAB,MON-6|WED-3|FRI-3,TUE-6|FRI-4,1,7
XLARGE,XL-061,Design and Analysis of Algorithms,THEORY,F02,B10,60,2,1,R01:120:THEORY|R02:100:THEORY|R03:90:THEORY|R05:60:THEORY|R06:60:THEORY|R08:60:THEORY,MON-2|TUE-2|WED-5|THU-6|FRI-1|FRI-5,TUE-5|WED-6|THU-1|THU-3,1,7
XLARGE,XL-062,Software Engineering,THEORY,F36,B10,60,4,1,R01:120:THEORY|R02:100:THEORY|R03:90:THEORY|R05:60:THEORY|R06:60:THEORY|R08:60:THEORY,NONE,TUE-5|WED-6|THU-1|THU-3,2,6
XLARGE,XL-063,Cloud Computing,THEORY,F23,B10,60,4,1,R01:120:THEORY|R02:100:THEORY|R03:90:THEORY|R05:60:THEORY|R06:60:THEORY|R08:60:THEORY,MON-4|TUE-1|TUE-2|WED-6|THU-1|THU-4|THU-5|FRI-5,TUE-5|WED-6|THU-1|THU-3,1,7
XLARGE,XL-064,Database Management Systems,THEORY,F07,B10,60,4,1,R01:120:THEORY|R02:100:THEORY|R03:90:THEORY|R05:60:THEORY|R06:60:THEORY|R08:60:THEORY,TUE-5|FRI-4,TUE-5|WED-6|THU-1|THU-3,1,7
XLARGE,XL-065,Web Technologies,THEORY,F37,B10,60,4,1,R01:120:THEORY|R02:100:THEORY|R03:90:THEORY|R05:60:THEORY|R06:60:THEORY|R08:60:THEORY,MON-5|TUE-5|TUE-7|THU-4|THU-5|FRI-2|FRI-7,TUE-5|WED-6|THU-1|THU-3,1,4
XLARGE,XL-066,Database Lab,LAB,F12,B10,60,2,2,L02:70:LAB|L03:60:LAB,MON-1|TUE-2|TUE-5|TUE-7|THU-2|THU-6|FRI-3,TUE-5|WED-6|THU-1|THU-3,1,7
XLARGE,XL-067,Machine Learning Lab,LAB,F31,B10,60,1,2,L02:70:LAB|L03:60:LAB,NONE,TUE-5|WED-6|THU-1|THU-3,1,4
XLARGE,XL-068,Theory of Computation,THEORY,F06,B11,75,4,1,R01:120:THEORY|R02:100:THEORY|R04:80:THEORY,MON-2|TUE-1|TUE-3|WED-4|WED-7|THU-3|THU-4|THU-6|FRI-3,WED-2|FRI-2,1,7
XLARGE,XL-069,Cyber Security,THEORY,F26,B11,75,3,1,R01:120:THEORY|R02:100:THEORY|R04:80:THEORY,MON-3|TUE-1|WED-4|WED-6,WED-2|FRI-2,1,7
XLARGE,XL-070,Operating Systems,THEORY,F15,B11,75,4,1,R01:120:THEORY|R02:100:THEORY|R04:80:THEORY,NONE,WED-2|FRI-2,2,5
XLARGE,XL-071,Artificial Intelligence,THEORY,F35,B11,75,4,1,R01:120:THEORY|R02:100:THEORY|R04:80:THEORY,MON-6|WED-3|FRI-3,WED-2|FRI-2,1,7
XLARGE,XL-072,Web Technologies,THEORY,F40,B11,75,4,1,R01:120:THEORY|R02:100:THEORY|R04:80:THEORY,NONE,WED-2|FRI-2,1,7
XLARGE,XL-073,Machine Learning Lab,LAB,F35,B11,75,2,2,L01:80:LAB|L02:70:LAB,MON-6|WED-3|FRI-3,WED-2|FRI-2,1,7
XLARGE,XL-074,Operating Systems Lab,LAB,F19,B11,75,1,2,L01:80:LAB|L02:70:LAB,MON-2|MON-6|WED-5|THU-2|THU-3|THU-4|THU-7|FRI-5,WED-2|FRI-2,2,5
XLARGE,XL-075,Machine Learning,THEORY,F29,B12,65,4,1,R01:120:THEORY|R02:100:THEORY|R04:80:THEORY|R05:60:THEORY|R07:60:THEORY|R08:60:THEORY,MON-2|TUE-5|WED-2,NONE,1,7
XLARGE,XL-076,Operating Systems,THEORY,F15,B12,65,3,1,R01:120:THEORY|R02:100:THEORY|R04:80:THEORY|R05:60:THEORY|R07:60:THEORY|R08:60:THEORY,NONE,NONE,2,5
XLARGE,XL-077,Computer Networks,THEORY,F23,B12,65,3,1,R01:120:THEORY|R02:100:THEORY|R04:80:THEORY|R05:60:THEORY|R07:60:THEORY|R08:60:THEORY,MON-4|TUE-1|TUE-2|WED-6|THU-1|THU-4|THU-5|FRI-5,NONE,1,7
XLARGE,XL-078,Database Management Systems,THEORY,F10,B12,65,4,1,R01:120:THEORY|R02:100:THEORY|R04:80:THEORY|R05:60:THEORY|R07:60:THEORY|R08:60:THEORY,NONE,NONE,1,7
XLARGE,XL-079,Artificial Intelligence,THEORY,F33,B12,65,4,1,R01:120:THEORY|R02:100:THEORY|R04:80:THEORY|R05:60:THEORY|R07:60:THEORY|R08:60:THEORY,NONE,NONE,2,6
XLARGE,XL-080,AI Lab,LAB,F30,B12,65,2,2,L01:80:LAB|L02:70:LAB|L03:60:LAB,MON-1|TUE-3|WED-1|THU-7,NONE,2,5
XLARGE,XL-081,Networks Lab,LAB,F23,B12,65,2,2,L01:80:LAB|L02:70:LAB|L03:60:LAB,MON-4|TUE-1|TUE-2|WED-6|THU-1|THU-4|THU-5|FRI-5,NONE,1,7
XLARGE,XL-082,Theory of Computation,THEORY,F05,B13,60,4,1,R01:120:THEORY|R02:100:THEORY|R03:90:THEORY|R04:80:THEORY|R07:60:THEORY|R08:60:THEORY,NONE,MON-2|TUE-6,1,4
XLARGE,XL-083,Cyber Security,THEORY,F24,B13,60,4,1,R01:120:THEORY|R02:100:THEORY|R03:90:THEORY|R04:80:THEORY|R07:60:THEORY|R08:60:THEORY,NONE,MON-2|TUE-6,1,7
XLARGE,XL-084,Operating Systems,THEORY,F16,B13,60,4,1,R01:120:THEORY|R02:100:THEORY|R03:90:THEORY|R04:80:THEORY|R07:60:THEORY|R08:60:THEORY,NONE,MON-2|TUE-6,1,7
XLARGE,XL-085,Design and Analysis of Algorithms,THEORY,F06,B13,60,4,1,R01:120:THEORY|R02:100:THEORY|R03:90:THEORY|R04:80:THEORY|R07:60:THEORY|R08:60:THEORY,MON-2|TUE-1|TUE-3|WED-4|WED-7|THU-3|THU-4|THU-6|FRI-3,MON-2|TUE-6,1,7
XLARGE,XL-086,Software Engineering,THEORY,F37,B13,60,4,1,R01:120:THEORY|R02:100:THEORY|R03:90:THEORY|R04:80:THEORY|R07:60:THEORY|R08:60:THEORY,MON-5|TUE-5|TUE-7|THU-4|THU-5|FRI-2|FRI-7,MON-2|TUE-6,1,4
XLARGE,XL-087,Operating Systems Lab,LAB,F20,B13,60,2,2,L01:80:LAB|L03:60:LAB,NONE,MON-2|TUE-6,1,7
XLARGE,XL-088,Operating Systems,THEORY,F19,B14,60,4,1,R02:100:THEORY|R03:90:THEORY|R04:80:THEORY|R05:60:THEORY|R07:60:THEORY|R08:60:THEORY,MON-2|MON-6|WED-5|THU-2|THU-3|THU-4|THU-7|FRI-5,THU-3|FRI-6,2,5
XLARGE,XL-089,Database Management Systems,THEORY,F12,B14,60,4,1,R02:100:THEORY|R03:90:THEORY|R04:80:THEORY|R05:60:THEORY|R07:60:THEORY|R08:60:THEORY,MON-1|TUE-2|TUE-5|TUE-7|THU-2|THU-6|FRI-3,THU-3|FRI-6,1,7
XLARGE,XL-090,Cloud Computing,THEORY,F25,B14,60,4,1,R02:100:THEORY|R03:90:THEORY|R04:80:THEORY|R05:60:THEORY|R07:60:THEORY|R08:60:THEORY,TUE-7|FRI-4,THU-3|FRI-6,1,4
XLARGE,XL-091,Web Technologies,THEORY,F40,B14,60,4,1,R02:100:THEORY|R03:90:THEORY|R04:80:THEORY|R05:60:THEORY|R07:60:THEORY|R08:60:THEORY,NONE,THU-3|FRI-6,1,7
XLARGE,XL-092,Computer Architecture,THEORY,F15,B14,60,4,1,R02:100:THEORY|R03:90:THEORY|R04:80:THEORY|R05:60:THEORY|R07:60:THEORY|R08:60:THEORY,NONE,THU-3|FRI-6,2,5
XLARGE,XL-093,Database Lab,LAB,F08,B14,60,2,2,L01:80:LAB|L03:60:LAB,TUE-3|WED-1|WED-3|THU-1,THU-3|FRI-6,1,5
XLARGE,XL-094,Cyber Security,THEORY,F25,B15,40,4,1,R01:120:THEORY|R02:100:THEORY|R03:90:THEORY|R04:80:THEORY|R05:60:THEORY|R07:60:THEORY|R11:50:THEORY|R12:50:THEORY|R13:40:THEORY|R14:40:THEORY|R15:40:THEORY,TUE-7|FRI-4,TUE-1|FRI-2,1,4
XLARGE,XL-095,Computer Architecture,THEORY,F19,B15,40,4,1,R01:120:THEORY|R02:100:THEORY|R03:90:THEORY|R04:80:THEORY|R05:60:THEORY|R07:60:THEORY|R11:50:THEORY|R12:50:THEORY|R13:40:THEORY|R14:40:THEORY|R15:40:THEORY,MON-2|MON-6|WED-5|THU-2|THU-3|THU-4|THU-7|FRI-5,TUE-1|FRI-2,2,5
XLARGE,XL-096,Artificial Intelligence,THEORY,F32,B15,40,3,1,R01:120:THEORY|R02:100:THEORY|R03:90:THEORY|R04:80:THEORY|R05:60:THEORY|R07:60:THEORY|R11:50:THEORY|R12:50:THEORY|R13:40:THEORY|R14:40:THEORY|R15:40:THEORY,NONE,TUE-1|FRI-2,3,6
XLARGE,XL-097,Data Science,THEORY,F08,B15,40,3,1,R01:120:THEORY|R02:100:THEORY|R03:90:THEORY|R04:80:THEORY|R05:60:THEORY|R07:60:THEORY|R11:50:THEORY|R12:50:THEORY|R13:40:THEORY|R14:40:THEORY|R15:40:THEORY,TUE-3|WED-1|WED-3|THU-1,TUE-1|FRI-2,1,5
XLARGE,XL-098,Database Management Systems,THEORY,F10,B15,40,4,1,R01:120:THEORY|R02:100:THEORY|R03:90:THEORY|R04:80:THEORY|R05:60:THEORY|R07:60:THEORY|R11:50:THEORY|R12:50:THEORY|R13:40:THEORY|R14:40:THEORY|R15:40:THEORY,NONE,TUE-1|FRI-2,1,7
XLARGE,XL-099,Design and Analysis of Algorithms,THEORY,F04,B15,40,4,1,R01:120:THEORY|R02:100:THEORY|R03:90:THEORY|R04:80:THEORY|R05:60:THEORY|R07:60:THEORY|R11:50:THEORY|R12:50:THEORY|R13:40:THEORY|R14:40:THEORY|R15:40:THEORY,MON-1|MON-2|MON-3|TUE-2|TUE-4|WED-4|FRI-3,TUE-1|FRI-2,2,6
XLARGE,XL-100,Database Lab,LAB,F10,B15,40,1,2,L01:80:LAB|L03:60:LAB|L04:50:LAB,NONE,TUE-1|FRI-2,1,7
